experiment_sample,0.0,0.94,4.07,6.13,8.18,10.1,11.88,13.94,15.14,18.04,19.02,20.15,21.07,22.07,24.93,26.02,27.18,28.11,31.25,32.17,33.15,35.24,36.04,39.11,40.99,42.04,43.06,46.25,47.07,48.23,49.01,49.95,53.08,54.04,56.12,57.03,61.1,62.04,63.0,64.15,67.06,69.05,70.0,70.99,74.02,75.1,77.1,78.05,81.01,83.03,83.98,85.32,88.03,90.12,92.24,96.11,97.99,99.05,103.02,104.1,106.24,109.01,110.17,111.9,112.94,116.94,118.1,119.02,123.95,125.98,127.0,130.02,132.25,134.06,136.97,137.96,139.09,140.9
"e4, 10A",0.05,0.1,0.169,0.242,0.498,1.518,3.293,4.194,4.994,5.417,5.686999999999999,5.938,6.183,6.4559999999999995,6.579999999999999,6.7219999999999995,6.946999999999999,7.225999999999999,7.464999999999999,7.689999999999999,7.882999999999998,8.129999999999999,8.342999999999998,8.545999999999998,8.782999999999998,9.062999999999997,9.255999999999997,9.454999999999997,9.662999999999997,9.878999999999996,9.970999999999997,10.121999999999996,10.272999999999996,10.433999999999996,10.635999999999996,10.821999999999996,10.968999999999996,11.141999999999996,11.313999999999997,11.438999999999997,11.643999999999997,11.753999999999996,11.897999999999996,12.046999999999995,12.209999999999996,12.376999999999995,12.517999999999995,12.685999999999995,12.769999999999994,12.900999999999994,13.051999999999994,13.223999999999995,13.414999999999996,13.622999999999996,13.724999999999996,13.789999999999996,13.854999999999995,13.983999999999995,14.085999999999995,14.205999999999994,14.331999999999994,14.448999999999995,14.560999999999995,14.663999999999994,14.831999999999994,14.898999999999994,14.955999999999994,15.031999999999995,15.081999999999995,15.131999999999996,15.182999999999996,15.298999999999996,15.438999999999997,15.527999999999997,15.577999999999998,15.627999999999998,15.694999999999999,15.751999999999999
"e4, 10B",0.078,0.128,0.178,0.27899999999999997,0.6079999999999999,1.6059999999999999,3.2439999999999998,4.156,4.931,5.299,5.636,5.928,6.215,6.523,6.637,6.853999999999999,7.114999999999999,7.315999999999999,7.600999999999999,7.852999999999999,8.126999999999999,8.363999999999999,8.578999999999999,8.848999999999998,9.069999999999999,9.29,9.572,9.79,9.937999999999999,10.117999999999999,10.277,10.43,10.593,10.777,10.915,11.104,11.354999999999999,11.557999999999998,11.726999999999999,11.862999999999998,12.051999999999998,12.211999999999998,12.386999999999999,12.534999999999998,12.687999999999999,12.921999999999999,13.130999999999998,13.312999999999999,13.415999999999999,13.550999999999998,13.720999999999998,13.902999999999999,14.160999999999998,14.331999999999997,14.470999999999997,14.550999999999997,14.647999999999996,14.795999999999996,14.908999999999995,15.020999999999995,15.095999999999995,15.207999999999995,15.348999999999995,15.488999999999995,15.619999999999996,15.751999999999995,15.849999999999996,15.924999999999995,16.009999999999994,16.126999999999995,16.196999999999996,16.288999999999994,16.381999999999994,16.446999999999996,16.512999999999995,16.562999999999995,16.612999999999996,16.662999999999997
"e4, 10C",0.05,0.1,0.15000000000000002,0.24200000000000002,0.477,1.4129999999999998,3.4589999999999996,4.646999999999999,5.608,6.1259999999999994,6.484999999999999,6.7829999999999995,7.084999999999999,7.392999999999999,7.470999999999999,7.593999999999999,7.781999999999999,8.01,8.216,8.487,8.716,8.942,9.221,9.46,9.671000000000001,9.917000000000002,10.182000000000002,10.337000000000002,10.481000000000002,10.643000000000002,10.758000000000003,10.890000000000002,11.044000000000002,11.170000000000002,11.314000000000002,11.471000000000002,11.660000000000002,11.832000000000003,12.005000000000003,12.165000000000003,12.345000000000002,12.524000000000003,12.644000000000002,12.783000000000001,12.962000000000002,13.138000000000002,13.333000000000002,13.528000000000002,13.616000000000001,13.750000000000002,13.907000000000002,14.094000000000001,14.364,14.532,14.667,14.746,14.876000000000001,14.994000000000002,15.154000000000002,15.266000000000002,15.336000000000002,15.472000000000001,15.588000000000001,15.695,15.839,15.996,16.081,16.238,16.34,16.425,16.542,16.630000000000003,16.743000000000002,16.827,16.888,16.938000000000002,16.988000000000003,17.038000000000004
"e4, 11A",0.05,0.1,0.15000000000000002,0.2,0.324,0.6200000000000001,1.2990000000000002,2.798,5.1419999999999995,6.949,8.7,10.175999999999998,11.562999999999999,12.719999999999999,13.245999999999999,13.839999999999998,14.390999999999998,14.955999999999998,15.533999999999997,16.173,16.746,17.423,17.915999999999997,18.472999999999995,19.030999999999995,19.483999999999995,19.939999999999994,20.220999999999993,20.40599999999999,20.68199999999999,20.885999999999992,21.089999999999993,21.298999999999992,21.49299999999999,21.72999999999999,21.93899999999999,22.13099999999999,22.271999999999988,22.364999999999988,22.444999999999986,22.570999999999987,22.63599999999999,22.78999999999999,22.92499999999999,23.10599999999999,23.304999999999993,23.481999999999992,23.642999999999994,23.735999999999994,23.892999999999994,24.034999999999993,24.137999999999995,24.368999999999996,24.516999999999996,24.642999999999997,24.726999999999997,24.809999999999995,24.906999999999996,25.021999999999995,25.155999999999995,25.211999999999996,25.295999999999996,25.401999999999997,25.561999999999998,25.758999999999997,25.894999999999996,25.946999999999996,26.002999999999997,26.081999999999997,26.161999999999995,26.273999999999994,26.403999999999993,26.478999999999992,26.54499999999999,26.606999999999992,26.66399999999999,26.72199999999999,26.77199999999999
"e4, 11B",0.05,0.1,0.15000000000000002,0.21500000000000002,0.404,0.853,1.669,3.5780000000000003,5.437,6.819,8.094,9.298,10.35,11.416,11.823,12.342,12.799000000000001,13.341000000000001,13.928,14.445,14.811,15.299,15.697999999999999,16.078999999999997,16.423999999999996,16.724999999999994,17.052999999999994,17.160999999999994,17.262999999999995,17.443999999999996,17.540999999999997,17.674999999999997,17.769,17.883999999999997,18.091999999999995,18.248999999999995,18.410999999999994,18.565999999999995,18.671999999999997,18.755999999999997,18.848999999999997,18.946999999999996,19.082999999999995,19.216999999999995,19.355999999999995,19.489999999999995,19.643999999999995,19.815999999999995,19.900999999999996,20.057999999999996,20.220999999999997,20.419999999999998,20.653999999999996,20.798999999999996,20.918999999999997,20.988999999999997,21.089999999999996,21.200999999999997,21.322999999999997,21.470999999999997,21.540999999999997,21.639999999999997,21.858999999999998,22.072,22.276,22.412,22.506999999999998,22.624999999999996,22.796999999999997,22.918999999999997,23.044999999999998,23.192999999999998,23.391,23.506999999999998,23.615,23.689999999999998,23.756999999999998,23.808999999999997
"e4, 11C",0.05,0.1,0.15000000000000002,0.2,0.28700000000000003,0.5670000000000001,1.109,2.385,4.5649999999999995,6.68,8.719,10.696,12.387,13.986,14.527000000000001,15.174000000000001,15.638000000000002,16.183000000000003,16.797000000000004,17.372000000000003,17.843000000000004,18.419000000000004,18.838000000000005,19.338000000000005,19.908000000000005,20.457000000000004,20.993000000000006,21.202000000000005,21.421000000000006,21.606000000000005,21.781000000000006,21.950000000000006,22.137000000000008,22.369000000000007,22.66100000000001,22.878000000000007,23.06800000000001,23.20800000000001,23.34700000000001,23.46900000000001,23.60300000000001,23.715000000000007,23.867000000000008,24.049000000000007,24.229000000000006,24.435000000000006,24.568000000000005,24.721000000000004,24.782000000000004,24.913000000000004,25.048000000000005,25.263000000000005,25.551000000000005,25.696000000000005,25.822000000000006,25.878000000000007,25.985000000000007,26.124000000000006,26.253000000000007,26.378000000000007,26.509000000000007,26.668000000000006,26.859000000000005,27.048000000000005,27.304000000000006,27.393000000000004,27.488000000000003,27.587000000000003,27.746000000000002,27.807000000000002,27.958000000000002,28.112000000000002,28.282000000000004,28.385000000000005,28.436000000000003,28.530000000000005,28.580000000000005,28.651000000000007
"e4, 12A",0.05,0.1,0.15000000000000002,0.2,0.25,0.315,0.398,0.47600000000000003,0.6120000000000001,0.8840000000000001,1.201,1.7389999999999999,2.4619999999999997,3.4479999999999995,3.4979999999999993,3.607999999999999,3.657999999999999,3.707999999999999,3.7579999999999987,3.8269999999999986,3.877999999999999,3.9279999999999986,3.9779999999999984,4.041999999999998,4.091999999999998,4.141999999999998,4.1919999999999975,4.241999999999997,4.291999999999997,4.341999999999997,4.391999999999997,4.441999999999997,4.491999999999996,4.541999999999996,4.606999999999997,4.657999999999997,4.732999999999997,4.788999999999997,4.838999999999997,4.888999999999997,4.9389999999999965,4.988999999999996,5.038999999999996,5.088999999999996,5.138999999999996,5.188999999999996,5.263999999999996,5.313999999999996,5.363999999999995,5.413999999999995,5.463999999999995,5.513999999999995,5.563999999999995,5.6139999999999946,5.663999999999994,5.713999999999994,5.763999999999994,5.813999999999994,5.863999999999994,5.9139999999999935,5.963999999999993,6.085999999999993,6.202999999999993,6.286999999999993,6.342999999999993,6.3949999999999925,6.444999999999992,6.494999999999992,6.544999999999992,6.594999999999992,6.644999999999992,6.694999999999991,6.744999999999991,6.796999999999991,6.846999999999991,6.8969999999999905,6.94699999999999,6.99699999999999
"e4, 12B",0.05,0.1,0.15000000000000002,0.2,0.25,0.3,0.35,0.44199999999999995,0.5609999999999999,0.8459999999999999,1.3569999999999998,2.077,3.135,4.29,4.427,4.585999999999999,4.667999999999999,4.765,4.936999999999999,5.079,5.143,5.210999999999999,5.318,5.411,5.510999999999999,5.600999999999999,5.666999999999999,5.741999999999999,5.791999999999999,5.856999999999999,5.906999999999999,5.956999999999999,6.006999999999999,6.056999999999999,6.106999999999998,6.156999999999998,6.206999999999998,6.256999999999998,6.306999999999998,6.357999999999998,6.407999999999998,6.4579999999999975,6.507999999999997,6.557999999999997,6.613999999999997,6.663999999999997,6.713999999999997,6.764999999999997,6.814999999999997,6.864999999999997,6.9149999999999965,6.964999999999996,7.044999999999996,7.105999999999996,7.155999999999996,7.205999999999996,7.255999999999996,7.305999999999996,7.355999999999995,7.405999999999995,7.455999999999995,7.505999999999995,7.555999999999995,7.621999999999995,7.677999999999995,7.727999999999994,7.777999999999994,7.827999999999994,7.877999999999994,7.927999999999994,7.9779999999999935,8.027999999999993,8.077999999999994,8.127999999999995,8.177999999999995,8.227999999999996,8.277999999999997,8.327999999999998
"e4, 12C",0.05,0.1,0.15000000000000002,0.2,0.25,0.31,0.41000000000000003,0.612,0.7909999999999999,1.359,2.145,3.458,4.496,5.4430000000000005,5.6610000000000005,5.849,6.031000000000001,6.132000000000001,6.229000000000001,6.362000000000001,6.427000000000001,6.477000000000001,6.574000000000002,6.6480000000000015,6.698000000000001,6.748000000000001,6.809000000000001,6.859000000000001,6.909000000000001,6.9590000000000005,7.011,7.066,7.116,7.1659999999999995,7.215999999999999,7.2669999999999995,7.316999999999999,7.366999999999999,7.416999999999999,7.466999999999999,7.549999999999999,7.599999999999999,7.668999999999999,7.7189999999999985,7.768999999999998,7.818999999999998,7.8889999999999985,7.967999999999998,8.018999999999998,8.069999999999999,8.143999999999998,8.226999999999999,8.293999999999999,8.376999999999999,8.427,8.477,8.527000000000001,8.577000000000002,8.627000000000002,8.677000000000003,8.727000000000004,8.777000000000005,8.827000000000005,8.877000000000006,8.927000000000007,8.977000000000007,9.027000000000008,9.077000000000009,9.12700000000001,9.17700000000001,9.227000000000011,9.277000000000012,9.327000000000012,9.377000000000013,9.427000000000014,9.477000000000015,9.527000000000015,9.577000000000016
"e4, 13A",0.05,0.123,0.173,0.236,0.352,0.6819999999999999,1.5299999999999998,3.8089999999999997,5.225999999999999,7.418999999999999,9.742999999999999,12.317999999999998,14.729999999999997,16.846999999999998,18.212999999999997,19.563999999999997,20.892999999999997,22.284999999999997,23.742999999999995,25.036999999999995,25.800999999999995,26.284999999999997,26.778999999999996,27.229999999999997,27.780999999999995,28.358999999999995,28.949999999999996,29.113999999999997,29.256999999999998,29.381999999999998,29.47,29.552,29.663999999999998,29.836,30.13,30.358999999999998,30.77,31.227999999999998,31.557999999999996,31.909999999999997,32.221999999999994,32.32899999999999,32.486999999999995,32.64999999999999,32.89499999999999,33.08999999999999,33.33099999999999,33.60299999999999,33.84999999999999,34.16899999999999,34.54299999999999,34.907999999999994,35.26899999999999,35.642999999999994,35.87199999999999,36.087999999999994,36.31399999999999,36.57599999999999,36.74099999999999,36.916999999999994,36.968999999999994,37.09199999999999,37.23499999999999,37.44499999999999,37.654999999999994,37.782,37.894999999999996,37.985,38.047,38.15,38.262,38.374,38.463,38.524,38.594,38.666000000000004,38.716,38.788000000000004
"e4, 13B",0.05,0.1,0.15000000000000002,0.24100000000000002,0.43200000000000005,0.932,2.113,5.1579999999999995,6.194999999999999,7.810999999999999,9.533999999999999,11.431,13.137999999999998,14.694999999999999,15.732,16.79,17.842,18.962,19.958,21.063,22.005,22.826,23.615000000000002,24.326,25.091,25.71,26.332,26.717000000000002,27.032000000000004,27.254000000000005,27.501000000000005,27.751000000000005,28.035000000000004,28.354000000000003,28.816000000000003,29.057000000000002,29.566000000000003,30.110000000000003,30.528000000000002,30.949,31.387,31.639,31.948,32.27,32.654,33.083000000000006,33.461000000000006,33.85600000000001,34.20300000000001,34.56000000000001,34.89100000000001,35.29400000000001,35.72400000000001,36.03200000000001,36.32500000000001,36.60500000000001,36.93100000000001,37.308000000000014,37.57700000000001,37.83300000000001,38.02000000000001,38.23400000000001,38.55500000000001,38.833000000000006,39.15500000000001,39.39500000000001,39.59900000000001,39.78800000000001,39.94600000000001,40.08700000000001,40.22900000000001,40.356000000000016,40.487000000000016,40.628000000000014,40.71700000000001,40.796000000000014,40.84600000000001,40.91800000000001
"e4, 13C",0.05,0.1,0.15000000000000002,0.28800000000000003,0.501,1.036,2.535,5.5649999999999995,6.651999999999999,8.126,9.607,11.285,12.823,14.482000000000001,15.621,16.771,17.795,18.916,19.825,20.672,21.383,21.928,22.394000000000002,23.056,23.611,24.198,24.785,25.087,25.354,25.567,25.775,25.944,26.147,26.398999999999997,26.779999999999998,26.948999999999998,27.354,27.823,28.283,28.732000000000003,29.119000000000003,29.271000000000004,29.512000000000004,29.745000000000005,30.155000000000005,30.534000000000006,30.902000000000005,31.183000000000003,31.560000000000002,31.948000000000004,32.335,32.764,33.227000000000004,33.576,33.85,34.045,34.248000000000005,34.481,34.703,34.906000000000006,34.986000000000004,35.141000000000005,35.249,35.362,35.581,35.722,35.839,35.98,36.077999999999996,36.193999999999996,36.321,36.431999999999995,36.556999999999995,36.653999999999996,36.72,36.771,36.821,36.870999999999995
"e4, 14A",0.055,0.114,0.164,0.21400000000000002,0.361,0.694,1.452,3.35,5.586,7.817,10.196,12.354,14.067,15.367,15.742,16.156000000000002,16.583000000000002,17.03,17.436,17.887,18.22,18.590999999999998,19.006999999999998,19.433999999999997,19.738999999999997,20.063,20.288,20.471,20.604,20.742,20.871000000000002,20.989,21.177,21.43,21.668,21.791999999999998,21.991,22.253,22.448,22.584,22.878,23.036,23.242,23.529,23.917,24.317,24.675,24.924,25.251,25.545,25.89,26.365000000000002,26.869000000000003,27.068000000000005,27.238000000000007,27.423000000000005,27.618000000000006,27.853000000000005,28.079000000000004,28.268000000000004,28.376000000000005,28.521000000000004,28.749000000000006,29.085000000000004,29.416000000000004,29.727000000000004,29.953000000000003,30.129,30.313000000000002,30.449,30.588,30.759,30.937,31.007,31.063000000000002,31.162000000000003,31.212000000000003,31.262000000000004
"e4, 14B",0.069,0.134,0.21200000000000002,0.321,0.479,0.8089999999999999,1.506,3.279,5.593999999999999,7.723999999999999,9.924999999999999,11.947999999999999,13.661999999999999,14.832999999999998,15.355999999999998,15.911999999999999,16.448,16.994,17.454,17.979,18.429,18.849,19.305,19.804,20.092,20.381,20.672,20.848,21.019,21.205,21.38,22.177,22.416,22.627,22.872,23.003,23.25,23.5,23.662,23.83,24.081,24.224,24.382,24.593,24.981,25.37,25.714000000000002,26.073,26.314,26.663,26.962,27.397,27.916999999999998,28.093999999999998,28.261,28.401,28.563,28.721999999999998,28.897999999999996,29.022999999999996,29.082999999999995,29.209999999999994,29.410999999999994,29.681999999999995,29.948999999999995,30.168999999999993,30.292999999999992,30.42599999999999,30.571999999999992,30.66999999999999,30.786999999999992,30.917999999999992,31.040999999999993,31.178999999999995,31.228999999999996,31.278999999999996,31.335999999999995,31.411999999999995
"e4, 14C",0.11900000000000001,0.196,0.315,0.485,0.74,1.366,2.6479999999999997,5.177,6.084,7.436999999999999,8.677,9.888,10.908,11.702,12.132,12.655,13.193999999999999,13.792,14.318999999999999,14.947999999999999,15.556999999999999,16.081999999999997,16.537999999999997,17.072999999999997,17.402999999999995,17.789999999999996,18.088999999999995,18.258999999999997,18.447999999999997,18.589999999999996,18.721999999999998,18.892999999999997,19.136999999999997,19.410999999999998,19.706999999999997,19.860999999999997,20.192999999999998,20.453,20.614,20.801000000000002,21.079,21.25,21.417,21.698,22.091,22.443,22.802,23.12,23.341,23.661,24.055,24.522,25.125999999999998,25.339999999999996,25.469999999999995,25.701999999999995,25.919999999999995,26.189999999999994,26.413999999999994,26.575999999999993,26.686999999999994,26.964999999999993,27.27799999999999,27.64999999999999,28.01299999999999,28.30399999999999,28.55399999999999,28.74899999999999,28.98899999999999,29.17199999999999,29.39099999999999,29.618999999999993,29.78099999999999,29.836999999999993,29.911999999999992,29.996999999999993,30.063999999999993,30.134999999999994
"e4, 15A",0.051,0.101,0.15100000000000002,0.28800000000000003,0.581,1.446,3.479,5.742,7.194,8.273,9.309,10.158999999999999,10.877999999999998,11.384999999999998,11.658999999999997,11.946999999999997,12.203999999999997,12.526999999999997,12.810999999999998,13.094999999999999,13.390999999999998,13.618999999999998,13.789999999999997,14.001999999999997,14.144999999999998,14.340999999999998,14.515999999999998,14.659999999999998,14.803999999999998,14.932999999999998,15.020999999999997,15.130999999999997,15.319999999999997,15.479999999999997,15.674999999999997,15.762999999999996,15.934999999999997,16.069999999999997,16.185999999999996,16.273999999999997,16.417999999999996,16.482999999999997,16.573999999999998,16.68,16.834,16.959,17.084,17.207,17.324,17.44,17.603,17.765,17.936,18.028,18.078,18.143,18.25,18.344,18.447000000000003,18.512000000000004,18.577000000000005,18.676000000000005,18.758000000000006,18.912000000000006,19.072000000000006,19.242000000000008,19.322000000000006,19.417000000000005,19.467000000000006,19.593000000000007,19.673000000000005,19.786000000000005,19.924000000000007,20.004000000000005,20.065000000000005,20.149000000000004,20.199000000000005,20.255000000000006
"e4, 15B",0.05,0.1,0.15000000000000002,0.24200000000000002,0.495,1.049,2.508,4.07,5.0,5.7940000000000005,6.603000000000001,7.224,7.888,8.32,8.6,8.968,9.363,9.745,9.979,10.241,10.487,10.647,10.85,11.033999999999999,11.181,11.341999999999999,11.454999999999998,11.602999999999998,11.728999999999997,11.852999999999998,11.982999999999999,12.075999999999999,12.216999999999999,12.354999999999999,12.546,12.663,12.811,12.889,13.02,13.118,13.254,13.328,13.43,13.552,13.622,13.747,13.816,13.957,14.078000000000001,14.189000000000002,14.337000000000002,14.498000000000001,14.645000000000001,14.724000000000002,14.779000000000002,14.857000000000001,14.945,15.001,15.075999999999999,15.182999999999998,15.243999999999998,15.346999999999998,15.421999999999997,15.505999999999997,15.641999999999996,15.768999999999997,15.880999999999997,15.932999999999996,16.012999999999995,16.092999999999993,16.163999999999994,16.270999999999994,16.340999999999994,16.447999999999993,16.497999999999994,16.547999999999995,16.597999999999995,16.647999999999996
"e4, 15C",0.05,0.1,0.15000000000000002,0.264,0.5429999999999999,1.462,3.583,5.035,6.067,6.971,7.737,8.461,9.048,9.444,9.737,10.040000000000001,10.376000000000001,10.653,11.014000000000001,11.31,11.505,11.733,11.93,12.125,12.258,12.45,12.623999999999999,12.802,12.975,13.084,13.259,13.414,13.535,13.66,13.822000000000001,13.962000000000002,14.115000000000002,14.231000000000002,14.319,14.407,14.568,14.674,14.772,14.888,15.015,15.194,15.339,15.464,15.576,15.678,15.854000000000001,16.019000000000002,16.205000000000002,16.316000000000003,16.408,16.491,16.565,16.671000000000003,16.769000000000002,16.871000000000002,16.937,17.017,17.134999999999998,17.244,17.392,17.532999999999998,17.637999999999998,17.755999999999997,17.816999999999997,17.923999999999996,17.984999999999996,18.064999999999994,18.171999999999993,18.236999999999995,18.286999999999995,18.357999999999997,18.458,18.564
"e4, 16A",0.05,0.1,0.17200000000000001,0.245,0.345,0.5419999999999999,1.0799999999999998,2.473,4.305,7.374,10.460999999999999,13.168999999999999,15.238,16.366,17.201,18.126,19.067,20.041,21.108,22.288,23.252,24.089,24.865,25.712,26.213,26.77,27.282,27.811,28.336,28.840999999999998,29.258999999999997,29.608999999999998,30.198999999999998,30.732999999999997,31.275,31.514,31.854,32.195,32.368,32.554,32.926,33.126000000000005,33.365,33.688,34.067,34.567,34.934,35.271,35.571,35.918,36.325,36.708000000000006,37.14900000000001,37.315000000000005,37.532000000000004,37.794000000000004,38.05800000000001,38.37700000000001,38.668000000000006,38.91700000000001,39.11900000000001,39.36500000000001,39.63700000000001,39.93200000000001,40.28600000000001,40.65400000000001,40.89700000000001,41.128000000000014,41.35400000000001,41.49900000000002,41.695000000000014,41.95900000000002,42.15600000000002,42.27700000000002,42.37600000000002,42.46000000000002,42.53600000000002,42.65000000000002
"e4, 16B",0.05,0.1,0.15000000000000002,0.256,0.435,0.813,1.771,4.369,6.157,7.745,9.381,10.795,12.03,12.809,13.527999999999999,14.374999999999998,15.241999999999997,16.185,17.285999999999998,18.432999999999996,19.423999999999996,20.282999999999998,21.017999999999997,21.753999999999998,22.267999999999997,22.782999999999998,23.241999999999997,23.529999999999998,23.913999999999998,24.296,24.578,24.841,25.105,25.334,25.592,25.735999999999997,25.926,26.108999999999998,26.217,26.305,26.488,26.621,26.769,26.962,27.198999999999998,27.467999999999996,27.694999999999997,27.980999999999998,28.177,28.445999999999998,28.729,29.067999999999998,29.552999999999997,29.775999999999996,30.001999999999995,30.254999999999995,30.537999999999997,30.831999999999997,31.177999999999997,31.525999999999996,31.790999999999997,32.108999999999995,32.403999999999996,32.668,32.971,33.235,33.429,33.633,33.824000000000005,33.974000000000004,34.134,34.292,34.477000000000004,34.593,34.644000000000005,34.7,34.834,34.934000000000005
"e4, 16C",0.05,0.1,0.15000000000000002,0.2,0.29600000000000004,0.5770000000000001,1.211,2.868,5.497999999999999,8.794,11.976,14.914000000000001,17.427,18.843,19.839,20.834,21.806,22.82,23.887,24.994,26.154,27.256,28.152,29.267,30.128999999999998,31.066,31.875999999999998,32.567,33.233,33.866,34.382,34.852,35.303,35.834999999999994,36.42399999999999,36.73599999999999,36.98599999999999,37.19099999999999,37.34899999999999,37.511999999999986,37.77099999999999,38.03299999999999,38.26099999999999,38.62099999999999,38.97699999999999,39.31599999999999,39.61399999999999,39.94799999999999,40.14699999999999,40.36699999999999,40.59799999999999,40.913999999999994,41.349,41.599999999999994,41.81099999999999,41.952999999999996,42.221,42.498999999999995,42.785999999999994,43.083999999999996,43.342,43.615,43.989000000000004,44.38400000000001,44.71800000000001,45.04500000000001,45.23700000000001,45.37400000000001,45.63800000000001,45.77500000000001,45.95000000000001,46.17200000000001,46.41500000000001,46.56000000000002,46.66800000000001,46.79400000000001,46.89900000000001,47.00300000000001
"e4, 17A",0.05,0.1,0.15000000000000002,0.2,0.25,0.3,0.35,0.39999999999999997,0.44999999999999996,0.49999999999999994,0.5499999999999999,0.6,0.6559999999999999,0.706,0.765,0.829,0.948,1.0819999999999999,1.416,1.819,2.199,2.4299999999999997,2.6169999999999995,2.8259999999999996,2.9899999999999998,3.1119999999999997,3.2669999999999995,3.3369999999999993,3.3939999999999992,3.443999999999999,3.517999999999999,3.581999999999999,3.631999999999999,3.6819999999999986,3.7659999999999987,3.8259999999999987,3.880999999999999,3.941999999999999,4.010999999999999,4.089999999999999,4.140999999999999,4.1979999999999995,4.247999999999999,4.326,4.3759999999999994,4.425999999999999,4.475999999999999,4.544999999999999,4.594999999999999,4.6549999999999985,4.704999999999998,4.754999999999998,4.804999999999998,4.883999999999998,4.9579999999999975,5.007999999999997,5.063999999999997,5.113999999999997,5.168999999999997,5.218999999999997,5.268999999999997,5.318999999999996,5.368999999999996,5.418999999999996,5.468999999999996,5.518999999999996,5.5689999999999955,5.618999999999995,5.668999999999995,5.718999999999995,5.775999999999995,5.825999999999995,5.875999999999995,5.925999999999995,5.975999999999995,6.0259999999999945,6.075999999999994,6.125999999999994
"e4, 17B",0.05,0.1,0.15000000000000002,0.2,0.25,0.3,0.35,0.39999999999999997,0.44999999999999996,0.5189999999999999,0.6059999999999999,0.7189999999999999,0.8929999999999998,1.0749999999999997,1.5829999999999997,2.2689999999999997,3.191,4.268,4.9239999999999995,5.478,5.952999999999999,6.074999999999999,6.124999999999999,6.174999999999999,6.2349999999999985,6.284999999999998,6.334999999999998,6.384999999999998,6.434999999999998,6.484999999999998,6.5349999999999975,6.584999999999997,6.634999999999997,6.684999999999997,6.757999999999997,6.807999999999997,6.9819999999999975,7.083999999999998,7.148999999999998,7.236999999999998,7.286999999999998,7.365999999999998,7.429999999999998,7.498999999999998,7.587999999999998,7.671999999999998,7.755999999999998,7.829999999999997,7.884999999999997,7.9499999999999975,8.028999999999998,8.113999999999999,8.230999999999998,8.337999999999997,8.421999999999997,8.482999999999997,8.566999999999997,8.618999999999996,8.668999999999997,8.718999999999998,8.768999999999998,8.818999999999999,8.869,8.919,8.969000000000001,9.019000000000002,9.069000000000003,9.119000000000003,9.169000000000004,9.219000000000005,9.269000000000005,9.319000000000006,9.369000000000007,9.419000000000008,9.469000000000008,9.519000000000009,9.56900000000001,9.61900000000001
"e4, 17C",0.05,0.1,0.15000000000000002,0.2,0.25,0.3,0.35,0.39999999999999997,0.45499999999999996,0.505,0.555,0.6050000000000001,0.6550000000000001,0.7050000000000002,0.7550000000000002,0.8520000000000002,0.9620000000000002,1.092,1.624,2.2560000000000002,2.742,2.873,2.9880000000000004,3.0710000000000006,3.158000000000001,3.2320000000000007,3.3360000000000007,3.3860000000000006,3.4360000000000004,3.486,3.536,3.586,3.6359999999999997,3.6859999999999995,3.7359999999999993,3.785999999999999,3.8369999999999993,3.886999999999999,3.936999999999999,3.9869999999999988,4.036999999999999,4.086999999999999,4.136999999999999,4.1869999999999985,4.236999999999998,4.286999999999998,4.336999999999998,4.391999999999998,4.4419999999999975,4.491999999999997,4.541999999999997,4.591999999999997,4.641999999999997,4.691999999999997,4.741999999999996,4.791999999999996,4.841999999999996,4.891999999999996,4.941999999999996,4.9919999999999956,5.041999999999995,5.091999999999995,5.141999999999995,5.191999999999995,5.241999999999995,5.2919999999999945,5.341999999999994,5.391999999999994,5.441999999999994,5.491999999999994,5.541999999999994,5.591999999999993,5.641999999999993,5.691999999999993,5.741999999999993,5.791999999999993,5.8419999999999925,5.891999999999992
"e4, 18A",0.05,0.10500000000000001,0.15500000000000003,0.23200000000000004,0.392,0.945,2.4619999999999997,3.7089999999999996,5.287,6.851,7.936,8.816,9.741000000000001,10.726,11.691,12.673,13.486,14.479000000000001,15.388000000000002,16.325000000000003,16.897000000000002,17.435000000000002,17.878000000000004,18.277000000000005,18.643000000000004,18.935000000000006,19.233000000000004,19.422000000000004,19.593000000000004,19.736000000000004,19.941000000000003,20.147000000000002,20.445,20.652,20.986,21.19,21.673000000000002,21.944000000000003,22.329000000000004,22.616000000000003,23.006000000000004,23.327000000000005,23.563000000000006,23.872000000000007,24.229000000000006,24.553000000000008,24.835000000000008,25.084000000000007,25.320000000000007,25.576000000000008,25.936000000000007,26.334000000000007,26.724000000000007,27.113000000000007,27.509000000000007,27.817000000000007,28.210000000000008,28.50500000000001,28.66900000000001,28.84000000000001,28.99500000000001,29.17700000000001,29.30900000000001,29.420000000000012,29.55000000000001,29.71200000000001,29.86200000000001,30.041000000000007,30.195000000000007,30.392000000000007,30.551000000000005,30.639000000000006,30.714000000000006,30.807000000000006,30.857000000000006,30.907000000000007,30.98400000000001,31.03400000000001
"e4, 18B",0.05,0.1,0.15000000000000002,0.20900000000000002,0.31,0.627,1.535,4.129,6.6129999999999995,8.815999999999999,10.575,12.123,13.699,15.647,17.623,19.757,21.336000000000002,23.166000000000004,24.741000000000003,26.052000000000003,27.088000000000005,28.000000000000004,28.721000000000004,29.439000000000004,30.208000000000002,30.845000000000002,31.434,32.114000000000004,32.55800000000001,33.08100000000001,33.57300000000001,34.16600000000001,34.83300000000001,35.55300000000001,36.33400000000001,36.76800000000001,37.543000000000006,38.11000000000001,38.77,39.253,39.754,40.123,40.409,40.812,41.275,41.748999999999995,42.102,42.428,42.699,43.114999999999995,43.483,43.98,44.51,44.915,45.219,45.558,46.001,46.339999999999996,46.44199999999999,46.53999999999999,46.620999999999995,46.727999999999994,46.77799999999999,46.82799999999999,46.877999999999986,46.92799999999998,46.97799999999998,47.02799999999998,47.077999999999975,47.12799999999997,47.17799999999997,47.227999999999966,47.27799999999996,47.356999999999964,47.40699999999996,47.45699999999996,47.506999999999955,47.55699999999995
"e4, 18C",0.05,0.1,0.15000000000000002,0.269,0.552,1.51,3.9210000000000003,5.274000000000001,6.985000000000001,8.799000000000001,10.063,11.412,12.765,14.294,15.761000000000001,17.253,18.498,19.853,21.032,22.171,23.019,23.805,24.451,25.1,25.803,26.321,26.933,27.283,27.527,27.825,28.06,28.430999999999997,28.827999999999996,29.293999999999997,29.894,30.246,30.983999999999998,31.397,31.977999999999998,32.428999999999995,32.96399999999999,33.40999999999999,33.68899999999999,34.126999999999995,34.520999999999994,35.016999999999996,35.349999999999994,35.705999999999996,36.029999999999994,36.352999999999994,36.782999999999994,37.175999999999995,37.63699999999999,38.035999999999994,38.422,38.802,39.245,39.576,39.729,39.874,39.995000000000005,40.164,40.369,40.567,40.693,40.922999999999995,41.142999999999994,41.382999999999996,41.60399999999999,41.89499999999999,42.10199999999999,42.19899999999999,42.32399999999999,42.37499999999999,42.42499999999999,42.47699999999999,42.52699999999999,42.576999999999984
"e4, 19A",0.06,0.11,0.16,0.23299999999999998,0.312,0.422,0.712,1.4689999999999999,2.945,5.468,6.739,7.939,9.067,10.038,10.854000000000001,11.743,12.462,13.279,14.183,15.164,15.621,16.211000000000002,16.708000000000002,17.267000000000003,17.785000000000004,18.103000000000005,18.538000000000004,18.741000000000003,18.992000000000004,19.356000000000005,19.712000000000007,20.192000000000007,20.642000000000007,21.131000000000007,21.60000000000001,21.90300000000001,22.60200000000001,22.83800000000001,23.164000000000012,23.426000000000013,23.891000000000012,24.30600000000001,24.67500000000001,25.08400000000001,25.60200000000001,26.15000000000001,26.60100000000001,26.99600000000001,27.31100000000001,27.74300000000001,28.20900000000001,28.83200000000001,29.54000000000001,30.16600000000001,30.71600000000001,31.23800000000001,31.72500000000001,32.04500000000001,32.10000000000001,32.21200000000001,32.32000000000001,32.50200000000001,32.69300000000001,32.89800000000001,33.20700000000001,33.440000000000005,33.755,34.025000000000006,34.221000000000004,34.394000000000005,34.56700000000001,34.659000000000006,34.711000000000006,34.785000000000004,34.85,34.9,34.966,35.016
"e4, 19B",0.064,0.114,0.164,0.223,0.314,0.511,1.061,2.411,4.8740000000000006,6.288,7.1000000000000005,7.964,8.656,9.317,9.955,10.82,11.389,12.056999999999999,12.894999999999998,13.733999999999998,14.144999999999998,14.518999999999998,14.897999999999998,15.399999999999999,15.924,16.288999999999998,16.755,16.986,17.240000000000002,17.604000000000003,18.009000000000004,18.462000000000003,19.028000000000002,19.621000000000002,20.128000000000004,20.392000000000003,21.095000000000002,21.389000000000003,21.749000000000002,22.043000000000003,22.568,22.931,23.316000000000003,23.737000000000002,24.187,24.716,25.236,25.6,25.871000000000002,26.205000000000002,26.592000000000002,27.070000000000004,27.692000000000004,28.234000000000005,28.668000000000006,28.958000000000006,29.241000000000007,29.427000000000007,29.515000000000008,29.636000000000006,29.753000000000007,29.913000000000007,30.119000000000007,30.385000000000005,30.637000000000004,30.886000000000003,31.080000000000002,31.364,31.528000000000002,31.679000000000002,31.786,31.87,31.935000000000002,31.987000000000002,32.037,32.086999999999996,32.13699999999999,32.18699999999999
"e4, 19C",0.05,0.114,0.164,0.21400000000000002,0.31000000000000005,0.49300000000000005,0.8720000000000001,2.1260000000000003,4.352,5.477,6.146000000000001,6.729000000000001,7.245000000000001,7.735000000000001,8.133000000000001,8.64,8.984,9.358,9.75,10.179,10.495000000000001,10.726,10.99,11.382,11.809,12.088999999999999,12.406999999999998,12.572999999999999,12.720999999999998,12.873999999999999,13.117999999999999,13.347999999999999,13.659999999999998,14.043999999999999,14.473999999999998,14.766999999999998,15.291999999999998,15.514999999999999,15.786,16.003,16.342,16.628,16.874,17.209,17.551,17.958,18.346,18.711,19.017999999999997,19.382999999999996,19.822999999999997,20.381999999999998,20.959,21.53,22.012,22.451,22.845,23.148,23.236,23.301000000000002,23.406000000000002,23.593000000000004,23.802000000000003,24.072000000000003,24.326000000000004,24.548000000000005,24.764000000000006,24.982000000000006,25.179000000000006,25.400000000000006,25.560000000000006,25.662000000000006,25.728000000000005,25.802000000000007,25.852000000000007,25.902000000000008,25.95200000000001,26.00200000000001
"e4, 1A",0.05,0.10900000000000001,0.15900000000000003,0.22800000000000004,0.36600000000000005,0.651,1.12,1.9780000000000002,3.095,5.550000000000001,8.569,12.422,16.119,17.701,18.564,19.2,19.903,20.448999999999998,20.802,21.061,21.366,21.669999999999998,21.970999999999997,22.626999999999995,23.046999999999997,23.438999999999997,23.767999999999997,24.007999999999996,24.272999999999996,24.530999999999995,24.769999999999996,25.001999999999995,25.195999999999994,25.375999999999994,25.556999999999995,25.668999999999993,25.779999999999994,25.962999999999994,26.077999999999992,26.21699999999999,26.36199999999999,26.504999999999992,26.63799999999999,26.78099999999999,26.877999999999993,26.988999999999994,27.105999999999995,27.313999999999993,27.45799999999999,27.629999999999992,27.772999999999993,27.86499999999999,27.97999999999999,28.12799999999999,28.19699999999999,28.288999999999987,28.413999999999987,28.50199999999999,28.552999999999987,28.662999999999986,28.769999999999985,28.852999999999984,28.923999999999985,29.026999999999987,29.087999999999987,29.137999999999987,29.221999999999987,29.271999999999988,29.32199999999999,29.40699999999999,29.45699999999999,29.50699999999999,29.55699999999999,29.612999999999992,29.662999999999993,29.712999999999994,29.779999999999994,29.829999999999995
"e4, 1B",0.055,0.10500000000000001,0.188,0.322,0.496,0.851,1.5230000000000001,2.6900000000000004,4.265000000000001,7.432,11.175,14.838000000000001,18.424,20.047,20.740000000000002,21.310000000000002,21.838,22.277,22.490000000000002,22.719,23.056,23.413,23.753,24.337,24.761,25.125,25.338,25.55,25.8,26.016000000000002,26.223000000000003,26.416000000000004,26.601000000000003,26.749000000000002,26.897000000000002,27.072000000000003,27.225,27.356,27.481,27.597,27.726000000000003,27.832000000000004,27.920000000000005,28.022000000000006,28.155000000000005,28.276000000000003,28.448000000000004,28.583000000000006,28.736000000000004,28.847000000000005,28.972000000000005,29.070000000000004,29.177000000000003,29.302000000000003,29.353,29.417,29.524,29.665,29.747999999999998,29.808999999999997,29.920999999999996,30.042999999999996,30.175999999999995,30.254999999999995,30.360999999999997,30.440999999999995,30.506999999999994,30.556999999999995,30.606999999999996,30.662999999999997,30.712999999999997,30.776999999999997,30.826999999999998,30.877,30.927,30.977,31.027,31.084
"e4, 1C",0.07400000000000001,0.14200000000000002,0.21900000000000003,0.34700000000000003,0.5680000000000001,0.9840000000000001,1.647,2.9379999999999997,4.712999999999999,8.354999999999999,12.232999999999999,15.969999999999999,19.476,21.073,21.812,22.323,22.883,23.307,23.602,23.826,24.109,24.393,24.712,25.257,25.723000000000003,26.097,26.359,26.64,26.866,27.118,27.381,27.569,27.787,27.987,28.223999999999997,28.421999999999997,28.584999999999997,28.724999999999998,28.849999999999998,28.979999999999997,29.144999999999996,29.306999999999995,29.450999999999993,29.583999999999993,29.753999999999994,29.878999999999994,30.003999999999994,30.142999999999994,30.325999999999993,30.459999999999994,30.552999999999994,30.603999999999992,30.700999999999993,30.840999999999994,30.919999999999995,30.979999999999993,31.128999999999994,31.225999999999996,31.308999999999994,31.386999999999993,31.475999999999992,31.568999999999992,31.670999999999992,31.787999999999993,31.886999999999993,31.947999999999993,32.02799999999999,32.12199999999999,32.17199999999999,32.25199999999999,32.301999999999985,32.35199999999998,32.40199999999998,32.46699999999998,32.516999999999975,32.56699999999997,32.61699999999997,32.666999999999966
"e4, 20A",0.05,0.1,0.15000000000000002,0.2,0.333,0.681,1.606,2.9290000000000003,4.676,5.821,6.71,7.473,7.889,8.272,8.618,8.935,9.266,9.604,9.866,10.100999999999999,10.302,10.516,10.704,10.883000000000001,11.071000000000002,11.284,11.462000000000002,11.541000000000002,11.647000000000002,11.731000000000002,11.830000000000002,11.959000000000001,12.122000000000002,12.330000000000002,12.559000000000001,12.741000000000001,12.926000000000002,13.038000000000002,13.126000000000001,13.205000000000002,13.274000000000003,13.371000000000002,13.421000000000003,13.528000000000002,13.640000000000002,13.787000000000003,13.876000000000003,13.951000000000002,14.030000000000003,14.095000000000002,14.193000000000003,14.359000000000004,14.571000000000003,14.742000000000003,14.889000000000003,15.000000000000004,15.118000000000004,15.225000000000003,15.280000000000003,15.330000000000004,15.425000000000004,15.505000000000004,15.602000000000004,15.667000000000003,15.765000000000004,15.850000000000005,15.916000000000006,16.006000000000007,16.056000000000008,16.140000000000008,16.215000000000007,16.303000000000008,16.35900000000001,16.41500000000001,16.46500000000001,16.51500000000001,16.577000000000012,16.639000000000014
"e4, 20B",0.05,0.1,0.15000000000000002,0.21900000000000003,0.335,0.6799999999999999,1.536,4.067,6.855,8.364,9.662,10.647,11.265,11.667,11.978,12.371,12.711,13.053,13.278,13.523,13.682,13.833,13.98,14.159,14.338000000000001,14.481000000000002,14.637000000000002,14.729000000000003,14.831000000000003,14.964000000000002,15.070000000000002,15.196000000000002,15.294000000000002,15.457000000000003,15.609000000000002,15.721000000000002,15.844000000000001,15.947000000000001,16.035,16.11,16.244,16.308,16.4,16.529999999999998,16.659,16.77,16.932,17.006999999999998,17.136,17.256,17.395,17.557,17.752,17.921,18.047,18.162,18.269,18.363,18.428,18.511,18.599999999999998,18.726,18.829,18.946,19.044,19.119,19.18,19.284,19.369999999999997,19.435999999999996,19.491999999999997,19.541999999999998,19.592,19.642,19.712,19.762,19.812,19.862000000000002
"e4, 20C",0.05,0.1,0.15000000000000002,0.21800000000000003,0.47000000000000003,1.055,2.565,5.577999999999999,8.465,10.434,11.782,12.366,12.676,12.854000000000001,13.162,13.543000000000001,13.751000000000001,14.003000000000002,14.310000000000002,14.586000000000002,14.834000000000001,15.096000000000002,15.248000000000001,15.422,15.605,15.745000000000001,15.907000000000002,16.000000000000004,16.121000000000002,16.209000000000003,16.35,16.493000000000002,16.614,16.769000000000002,16.957,17.1,17.315,17.534000000000002,17.673000000000002,17.757,17.863000000000003,17.951000000000004,18.052000000000003,18.164,18.286,18.458000000000002,18.614,18.702,18.804000000000002,18.897000000000002,19.073,19.231,19.431,19.632,19.787000000000003,19.935000000000002,20.051000000000002,20.14,20.214000000000002,20.335,20.447,20.578,20.695,20.815,20.899,20.970000000000002,21.031000000000002,21.116000000000003,21.166000000000004,21.284000000000002,21.358000000000004,21.408000000000005,21.468000000000004,21.542000000000005,21.613000000000007,21.669000000000008,21.761000000000006,21.811000000000007
"e4, 21A",0.05,0.11,0.16,0.30000000000000004,0.5840000000000001,1.082,2.3049999999999997,4.939,8.797,12.095,14.086,15.131,15.923,16.423000000000002,16.902,17.686,18.057,18.558,19.206,19.905,20.472,20.91,21.309,21.881,22.381,22.665,22.942,23.197,23.391,23.589,23.857999999999997,24.190999999999995,24.629999999999995,25.159999999999997,25.550999999999995,25.927999999999994,26.257999999999992,26.48999999999999,26.60599999999999,26.72199999999999,26.87099999999999,26.981999999999992,27.106999999999992,27.261999999999993,27.482999999999993,27.689999999999994,27.903999999999993,28.162999999999993,28.302999999999994,28.559999999999995,28.819999999999997,29.055999999999997,29.360999999999997,29.676,29.988999999999997,30.232999999999997,30.509999999999998,30.697,30.826999999999998,31.005,31.163999999999998,31.351,31.52,31.669999999999998,31.910999999999998,32.076,32.165,32.288,32.401999999999994,32.53399999999999,32.64799999999999,32.74899999999999,32.85599999999999,32.981999999999985,33.079999999999984,33.17499999999998,33.307999999999986,33.40399999999998
"e4, 21B",0.09699999999999999,0.147,0.20199999999999999,0.33899999999999997,0.611,1.143,2.331,4.962999999999999,8.946,11.643,13.096,13.967,14.690000000000001,15.22,15.768,16.503,16.8,17.212,17.753,18.414,18.891000000000002,19.417,19.968,20.522,21.179,21.445,21.77,22.019,22.261999999999997,22.490999999999996,22.758999999999997,23.005999999999997,23.407999999999998,23.857999999999997,24.217,24.445999999999998,24.737,24.971999999999998,25.098,25.272,25.374,25.512,25.671,25.904,26.143,26.323,26.538,26.734,26.907,27.108,27.367,27.632,27.892000000000003,28.209000000000003,28.456000000000003,28.708000000000002,29.015,29.216,29.364,29.518,29.732,30.04,30.297,30.535,30.763,30.984,31.051000000000002,31.196,31.360000000000003,31.542,31.75,31.852,32.024,32.117000000000004,32.211000000000006,32.352000000000004,32.465,32.57
"e4, 21C",0.05,0.1,0.168,0.327,0.643,1.327,2.873,6.2540000000000004,9.931000000000001,12.165000000000001,13.537,14.47,15.368,16.105,16.647000000000002,17.254,17.623,18.098000000000003,18.860000000000003,19.673000000000002,20.12,20.533,21.024,21.532,21.999,22.288999999999998,22.581999999999997,22.816999999999997,22.872999999999998,23.105999999999998,23.337,23.639,23.918,24.233,24.481,24.718,24.979,25.154,25.236,25.344,25.493000000000002,25.580000000000002,25.753,25.917,26.112000000000002,26.309,26.527,26.704,26.844,27.044,27.275000000000002,27.571,27.865000000000002,28.130000000000003,28.400000000000002,28.663000000000004,28.983000000000004,29.173000000000005,29.333000000000006,29.513000000000005,29.815000000000005,30.154000000000003,30.403000000000002,30.614,30.857,31.066,31.192999999999998,31.400999999999996,31.621999999999996,31.831999999999997,32.023999999999994,32.16199999999999,32.376999999999995,32.553,32.66,32.754,32.878,33.016
"e4, 22A",0.05,0.1,0.15000000000000002,0.2,0.25,0.3,0.35,0.471,0.651,1.241,1.9620000000000002,2.713,3.568,4.19,4.517,4.831,5.047000000000001,5.261000000000001,5.486000000000001,5.682,5.823,5.9510000000000005,6.08,6.205,6.299,6.444,6.51,6.584,6.6339999999999995,6.693999999999999,6.743999999999999,6.793999999999999,6.8439999999999985,6.899999999999999,6.954999999999998,7.004999999999998,7.088999999999998,7.138999999999998,7.188999999999997,7.238999999999997,7.288999999999997,7.338999999999997,7.388999999999997,7.444999999999997,7.4949999999999966,7.544999999999996,7.594999999999996,7.644999999999996,7.705999999999996,7.798999999999996,7.862999999999996,7.946999999999996,8.049999999999995,8.150999999999996,8.262999999999996,8.359999999999996,8.484999999999996,8.549999999999995,8.614999999999995,8.679999999999994,8.750999999999994,8.800999999999995,8.850999999999996,8.900999999999996,8.965999999999996,9.015999999999996,9.065999999999997,9.115999999999998,9.165999999999999,9.216,9.266,9.316,9.366000000000001,9.416000000000002,9.466000000000003,9.527000000000003,9.577000000000004,9.627000000000004
"e4, 22B",0.05,0.1,0.15000000000000002,0.2,0.251,0.324,0.40700000000000003,0.5770000000000001,0.8270000000000001,1.508,2.316,3.035,3.608,4.11,4.407,4.729,4.9670000000000005,5.118,5.291,5.472,5.663,5.823,5.96,6.093,6.18,6.295,6.385,6.45,6.511,6.561,6.611,6.661,6.710999999999999,6.779999999999999,6.829999999999999,6.879999999999999,6.958999999999999,7.008999999999999,7.058999999999998,7.108999999999998,7.158999999999998,7.208999999999998,7.258999999999998,7.3089999999999975,7.358999999999997,7.408999999999997,7.458999999999997,7.508999999999997,7.558999999999997,7.609999999999997,7.702999999999997,7.772999999999997,7.889999999999997,8.029999999999998,8.174999999999997,8.253999999999998,8.331999999999997,8.420999999999998,8.476999999999997,8.540999999999997,8.615999999999996,8.665999999999997,8.715999999999998,8.766999999999998,8.816999999999998,8.866999999999999,8.917,8.967,9.017000000000001,9.067000000000002,9.117000000000003,9.167000000000003,9.217000000000004,9.267000000000005,9.317000000000005,9.367000000000006,9.417000000000007,9.467000000000008
"e4, 22C",0.05,0.1,0.15000000000000002,0.2,0.25,0.319,0.46099999999999997,0.705,1.0539999999999998,1.9989999999999997,3.0359999999999996,3.6659999999999995,4.026999999999999,4.239999999999999,4.372999999999999,4.569999999999999,4.717,4.840999999999999,4.9879999999999995,5.1579999999999995,5.289999999999999,5.408999999999999,5.495999999999999,5.651999999999998,5.789999999999998,5.9289999999999985,6.017999999999999,6.067999999999999,6.387999999999999,6.437999999999999,6.487999999999999,6.5379999999999985,6.587999999999998,6.643999999999998,6.693999999999998,6.743999999999998,6.793999999999998,6.849999999999998,6.899999999999998,6.9499999999999975,6.999999999999997,7.049999999999997,7.101999999999997,7.154999999999997,7.2049999999999965,7.254999999999996,7.304999999999996,7.387999999999996,7.447999999999996,7.497999999999996,7.585999999999996,7.673999999999996,7.793999999999996,7.867999999999996,7.960999999999996,8.048999999999996,8.174999999999995,8.229999999999995,8.293999999999995,8.381999999999994,8.431999999999995,8.497999999999996,8.547999999999996,8.597999999999997,8.647999999999998,8.697999999999999,8.749999999999998,8.799999999999999,8.85,8.9,8.961,9.011000000000001,9.061000000000002,9.111000000000002,9.161000000000003,9.211000000000004,9.261000000000005,9.311000000000005
"e4, 23A",0.05,0.1,0.177,0.352,0.754,2.058,4.866,6.956999999999999,9.043,10.270999999999999,10.973999999999998,11.374999999999998,11.880999999999998,12.373,13.094,13.898,14.491,15.347999999999999,16.407999999999998,17.415,18.358999999999998,19.372999999999998,20.188,20.968,21.922,22.624000000000002,23.574,24.042,24.275000000000002,24.449,24.629,24.811,25.131,25.519000000000002,25.895000000000003,26.237000000000002,26.813000000000002,27.212000000000003,27.549000000000003,27.948000000000004,28.274000000000004,28.542000000000005,28.866000000000007,29.176000000000005,29.605000000000004,30.084000000000003,30.516000000000002,30.990000000000002,31.347,31.772000000000002,32.342,32.86,33.461999999999996,34.087999999999994,34.642999999999994,35.18599999999999,35.763999999999996,36.263,36.492,36.806,37.043,37.336,37.602,37.894999999999996,38.16,38.404999999999994,38.60399999999999,38.815999999999995,39.028,39.236,39.436,39.608,39.733,39.803,39.887,39.971000000000004,40.043000000000006,40.093
"e4, 23B",0.05,0.1,0.182,0.306,0.587,1.444,3.876,6.069,8.239,9.97,11.202,11.917,12.75,13.652,14.485,15.384,16.062,17.022000000000002,18.019000000000002,19.056,19.868000000000002,20.615000000000002,21.227,21.729,22.343999999999998,22.854,23.355,23.703,23.935,24.162,24.319,24.512,24.776,25.147,25.514,25.838,26.380000000000003,26.795,27.197000000000003,27.616000000000003,27.865000000000002,28.039,28.18,28.46,28.808,29.14,29.46,29.776,30.003,30.319,30.676,30.985,31.364,31.672,31.986,32.295,32.552,32.799,32.914,33.049,33.156,33.307,33.387,33.452,33.556,33.605999999999995,33.65599999999999,33.70599999999999,33.755999999999986,33.80599999999998,33.85599999999998,33.90599999999998,33.955999999999975,34.00599999999997,34.05599999999997,34.105999999999966,34.15599999999996,34.20599999999996
"e4, 23C",0.05,0.1,0.202,0.43200000000000005,1.052,2.901,5.739,7.868,10.144,11.339,11.984,12.392,12.923,13.538,14.279,15.078,15.687,16.594,17.734,18.867,19.893,20.85,21.62,22.523,23.456,24.118,24.965,25.373,25.59,25.714,25.912,26.13,26.480999999999998,26.881999999999998,27.342999999999996,27.660999999999998,28.194999999999997,28.683999999999997,29.145999999999997,29.574999999999996,29.865999999999996,30.054999999999996,30.335999999999995,30.693999999999996,31.092999999999996,31.562999999999995,32.028999999999996,32.528,32.943,33.393,33.957,34.444,35.088,35.717,36.352,36.925999999999995,37.46399999999999,37.99399999999999,38.35199999999999,38.69599999999999,38.94799999999999,39.23199999999999,39.50999999999999,39.75399999999999,39.962999999999994,40.21999999999999,40.361999999999995,40.638,40.826,41.099000000000004,41.339000000000006,41.473000000000006,41.656000000000006,41.79600000000001,41.983000000000004,42.039,42.115,42.190000000000005
"e4, 24A",0.064,0.114,0.178,0.301,0.714,1.5339999999999998,3.548,4.827,6.235,7.297000000000001,8.0,8.529,9.066,9.591000000000001,10.126000000000001,10.691,10.948,11.381,11.935,12.627,13.16,13.7,14.123,14.722999999999999,15.446,15.899,16.453,16.759,16.963,17.102,17.253,17.494,17.869,18.277,18.669,18.878,19.502,19.813,20.04,20.276999999999997,20.541999999999998,20.753999999999998,21.044999999999998,21.410999999999998,21.947999999999997,22.444999999999997,22.965999999999998,23.432,23.79,24.166,24.67,25.175,25.847,26.516000000000002,27.090000000000003,27.633000000000003,28.113000000000003,28.540000000000003,28.720000000000002,28.874000000000002,29.090000000000003,29.400000000000002,29.718000000000004,30.045000000000005,30.369000000000007,30.588000000000008,30.753000000000007,30.91400000000001,31.09400000000001,31.300000000000008,31.48700000000001,31.585000000000008,31.735000000000007,31.851000000000006,31.901000000000007,31.951000000000008,32.001000000000005,32.051
"e4, 24B",0.05,0.1,0.15000000000000002,0.269,0.5529999999999999,1.278,2.872,4.271,5.882,7.003,7.715,8.254,8.852,9.491,10.062999999999999,10.681999999999999,11.057999999999998,11.455999999999998,12.022999999999998,12.588999999999999,13.062999999999999,13.541999999999998,13.964999999999998,14.522999999999998,15.073999999999998,15.318999999999997,15.764999999999997,15.967999999999996,16.124999999999996,16.298999999999996,16.549999999999997,16.794999999999998,17.112,17.474999999999998,17.883999999999997,18.110999999999997,18.653,18.906,19.209,19.493,19.857,20.121,20.392,20.761,21.233,21.685000000000002,22.126,22.532,22.836,23.142,23.538,23.972,24.515,25.003,25.483,25.899,26.3,26.615000000000002,26.750000000000004,26.880000000000003,27.006000000000004,27.163000000000004,27.407000000000004,27.612000000000002,27.812,27.992,28.1,28.309,28.482,28.656,28.782,28.843,28.926,29.02,29.07,29.145,29.195,29.245
"e4, 24C",0.073,0.123,0.173,0.31999999999999995,0.6259999999999999,1.311,3.034,4.459,6.412,7.556,8.265,8.848,9.491000000000001,10.237000000000002,10.778000000000002,11.326000000000002,11.682000000000002,12.214000000000002,12.723000000000003,13.326000000000002,13.716000000000003,14.097000000000003,14.450000000000003,14.994000000000003,15.540000000000003,15.865000000000002,16.302000000000003,16.511000000000003,16.668000000000003,16.852000000000004,17.050000000000004,17.348000000000003,17.703000000000003,18.172000000000004,18.602000000000004,18.868000000000002,19.534000000000002,19.849000000000004,20.163000000000004,20.396000000000004,20.883000000000003,21.202,21.566000000000003,22.007,22.59,23.155,23.734,24.200000000000003,24.560000000000002,24.953000000000003,25.439000000000004,25.997000000000003,26.758000000000003,27.417,28.019000000000002,28.463,28.903000000000002,29.243000000000002,29.382,29.544,29.751,30.084,30.423,30.642999999999997,30.916999999999998,31.244999999999997,31.480999999999998,31.781,32.021,32.274,32.405,32.475,32.544000000000004,32.6,32.656,32.705999999999996,32.763999999999996,32.821
"e4, 25C",0.05,0.1,0.15000000000000002,0.29200000000000004,0.5650000000000001,1.251,2.362,4.57,7.415000000000001,9.090000000000002,10.461000000000002,11.262000000000002,11.606000000000002,11.840000000000002,12.035000000000002,12.278000000000002,12.585000000000003,12.859000000000002,13.111000000000002,13.367000000000003,13.641000000000002,13.826000000000002,13.982000000000003,14.124000000000002,14.243000000000002,14.407000000000002,14.599000000000002,14.804000000000002,14.972000000000001,15.079,15.204,15.385,15.491999999999999,15.655,15.747,15.886,16.177,16.442999999999998,16.714999999999996,16.891999999999996,16.980999999999995,17.128999999999994,17.208999999999993,17.324999999999992,17.482999999999993,17.614999999999995,17.684999999999995,17.786999999999995,17.949999999999996,18.051999999999996,18.158999999999995,18.246999999999996,18.395999999999997,18.543999999999997,18.673,18.761,18.91,19.049,19.184,19.295,19.395000000000003,19.451000000000004,19.501000000000005,19.617000000000004,19.767000000000003,19.824,19.927000000000003,20.035000000000004,20.085000000000004,20.135000000000005,20.187000000000005,20.289000000000005,20.339000000000006,20.400000000000006,20.489000000000004,20.547000000000004,20.597000000000005,20.647000000000006
"e4, 2A",0.05,0.1,0.15000000000000002,0.2,0.25,0.3,0.387,0.519,0.736,1.276,1.934,2.99,3.955,4.695,4.833,4.892,4.942,5.016,5.066,5.116,5.1659999999999995,5.215999999999999,5.265999999999999,5.329999999999999,5.379999999999999,5.454999999999999,5.504999999999999,5.554999999999999,5.604999999999999,5.6549999999999985,5.704999999999998,5.754999999999998,5.804999999999998,5.854999999999998,5.904999999999998,5.954999999999997,6.005999999999998,6.055999999999997,6.105999999999997,6.155999999999997,6.215999999999997,6.2659999999999965,6.315999999999996,6.371999999999996,6.421999999999996,6.471999999999996,6.522999999999996,6.572999999999996,6.622999999999996,6.672999999999996,6.722999999999995,6.772999999999995,6.822999999999995,6.872999999999995,6.922999999999995,6.9729999999999945,7.022999999999994,7.072999999999994,7.122999999999994,7.172999999999994,7.222999999999994,7.2729999999999935,7.322999999999993,7.372999999999993,7.422999999999993,7.472999999999993,7.522999999999993,7.572999999999992,7.622999999999992,7.672999999999992,7.722999999999992,7.772999999999992,7.8229999999999915,7.872999999999991,7.929999999999992,7.9799999999999915,8.029999999999992,8.079999999999993
"e4, 2C",0.05,0.1,0.15000000000000002,0.2,0.25,0.327,0.405,0.615,0.909,1.6949999999999998,2.683,3.5229999999999997,4.1979999999999995,4.545,4.595,4.645,4.694999999999999,4.744999999999999,4.794999999999999,4.844999999999999,4.894999999999999,4.9449999999999985,4.994999999999998,5.080999999999999,5.1309999999999985,5.180999999999998,5.230999999999998,5.280999999999998,5.330999999999998,5.3859999999999975,5.435999999999997,5.495999999999997,5.545999999999997,5.600999999999996,5.650999999999996,5.706999999999996,5.756999999999996,5.806999999999996,5.856999999999996,5.907999999999996,5.957999999999996,6.007999999999996,6.057999999999995,6.107999999999995,6.167999999999995,6.228999999999995,6.278999999999995,6.352999999999994,6.422999999999995,6.4729999999999945,6.522999999999994,6.572999999999994,6.622999999999994,6.672999999999994,6.722999999999994,6.7729999999999935,6.822999999999993,6.872999999999993,6.922999999999993,6.972999999999993,7.022999999999993,7.072999999999992,7.122999999999992,7.183999999999992,7.233999999999992,7.283999999999992,7.333999999999992,7.404999999999991,7.454999999999991,7.504999999999991,7.554999999999991,7.604999999999991,7.6549999999999905,7.7109999999999905,7.76099999999999,7.81099999999999,7.86099999999999,7.91099999999999
"e4, 3A",0.05,0.114,0.164,0.30700000000000005,0.69,1.3929999999999998,3.0519999999999996,6.199999999999999,9.417,12.19,13.891,15.091,16.038,16.52,16.784,17.04,17.343,17.671,17.907,18.16,18.4,18.619,18.89,19.21,19.506,19.817,20.078,20.303,20.488,20.604,20.724999999999998,20.825999999999997,20.952999999999996,21.110999999999997,21.214,21.38,21.538999999999998,21.735,21.95,22.154999999999998,22.354,22.538999999999998,22.741,22.958,23.209999999999997,23.420999999999996,23.630999999999997,23.852999999999998,24.069,24.308999999999997,24.544999999999998,24.662,24.83,25.028,25.144,25.273999999999997,25.499999999999996,25.715999999999998,25.858999999999998,25.959,26.108,26.276,26.387,26.485,26.657,26.723,26.798,26.848,26.898,26.948,27.018,27.105,27.161,27.227,27.277,27.327,27.379,27.429000000000002
"e4, 3B",0.05,0.1,0.15000000000000002,0.32800000000000007,0.7190000000000001,1.476,3.1100000000000003,6.33,9.596,12.266,14.021,15.190000000000001,16.148,16.593,16.844,17.086000000000002,17.474000000000004,17.816000000000003,18.098000000000003,18.313000000000002,18.674000000000003,18.941000000000003,19.204000000000004,19.513000000000005,19.840000000000007,20.16100000000001,20.44600000000001,20.70500000000001,20.93200000000001,21.079000000000008,21.20800000000001,21.332000000000008,21.47200000000001,21.619000000000007,21.749000000000006,21.912000000000006,22.079000000000008,22.274000000000008,22.48700000000001,22.707000000000008,22.916000000000007,23.123000000000008,23.35400000000001,23.56800000000001,23.78400000000001,24.04000000000001,24.29900000000001,24.54800000000001,24.71800000000001,24.90600000000001,25.06900000000001,25.19500000000001,25.359000000000012,25.560000000000013,25.727000000000015,25.875000000000014,26.058000000000014,26.264000000000014,26.417000000000012,26.54700000000001,26.66900000000001,26.77700000000001,26.86100000000001,26.987000000000013,27.150000000000013,27.23000000000001,27.30500000000001,27.39000000000001,27.440000000000012,27.502000000000013,27.577000000000012,27.627000000000013,27.677000000000014,27.727000000000015,27.802000000000014,27.852000000000015,27.909000000000013,27.959000000000014
"e4, 3C",0.05,0.1,0.177,0.264,0.483,1.04,2.164,4.7780000000000005,8.186,11.29,13.747,15.383,16.287,16.769,17.041999999999998,17.313,17.701,18.097,18.419,18.775000000000002,19.141000000000002,19.457,19.785,20.16,20.486,20.851,21.237,21.593,21.813,22.003,22.114,22.239,22.379,22.588,22.776,22.951999999999998,23.128999999999998,23.392999999999997,23.554999999999996,23.838999999999995,24.077999999999996,24.301999999999996,24.559999999999995,24.786999999999995,25.058999999999994,25.317999999999994,25.570999999999994,25.774999999999995,25.965999999999994,26.218999999999994,26.389999999999993,26.537999999999993,26.74299999999999,26.909999999999993,27.089999999999993,27.33899999999999,27.62899999999999,27.86999999999999,27.99999999999999,28.120999999999988,28.26099999999999,28.413999999999987,28.511999999999986,28.628999999999987,28.892999999999986,29.046999999999986,29.140999999999988,29.21199999999999,29.26199999999999,29.341999999999988,29.41599999999999,29.49399999999999,29.573999999999987,29.69099999999999,29.77599999999999,29.82599999999999,29.89199999999999,29.94399999999999
"e4, 4A",0.05,0.1,0.191,0.306,0.484,0.929,2.002,4.358,7.979,9.768,10.951,12.275,13.183,13.770999999999999,14.236999999999998,14.636999999999999,15.160999999999998,15.537999999999998,16.049,16.552,17.012,17.387,17.874,18.494999999999997,19.055999999999997,19.480999999999998,19.732999999999997,20.156999999999996,20.609999999999996,20.955999999999996,21.136999999999997,21.407999999999998,21.660999999999998,21.985,22.332,22.729,23.09,23.491,23.84,24.235,24.61,25.014,25.432,25.788999999999998,26.147999999999996,26.541999999999994,27.002999999999993,27.439999999999994,27.809999999999995,28.188999999999997,28.486999999999995,28.682999999999996,28.929999999999996,29.198999999999995,29.425999999999995,29.632999999999996,29.867999999999995,30.174999999999994,30.349999999999994,30.480999999999995,30.690999999999995,30.872999999999994,31.059999999999995,31.270999999999994,31.496999999999993,31.595999999999993,31.74299999999999,31.821999999999992,31.90599999999999,32.07999999999999,32.15999999999999,32.27499999999999,32.32499999999999,32.38599999999999,32.450999999999986,32.51099999999999,32.56299999999999,32.612999999999985
"e4, 4B",0.05,0.10900000000000001,0.16300000000000003,0.255,0.481,1.035,2.113,4.646,8.056000000000001,9.777000000000001,10.98,12.006,12.804,13.334,13.812999999999999,14.236999999999998,14.670999999999998,15.000999999999998,15.435999999999998,15.911999999999999,16.401,16.727,17.136,17.646,18.086000000000002,18.519000000000002,18.797,19.106,19.407,19.641,19.816,19.973,20.131,20.377,20.677,20.977,21.293,21.584,21.929,22.317999999999998,22.694999999999997,23.038999999999998,23.343999999999998,23.715999999999998,24.104,24.482,24.858999999999998,25.195999999999998,25.599999999999998,25.979,26.258,26.480999999999998,26.712999999999997,26.958999999999996,27.179999999999996,27.391999999999996,27.679999999999996,27.906999999999996,28.003999999999998,28.118999999999996,28.253999999999998,28.337999999999997,28.467999999999996,28.631999999999998,28.794999999999998,28.851,28.936,29.043,29.093,29.159,29.256999999999998,29.320999999999998,29.391,29.442999999999998,29.499,29.558999999999997,29.634999999999998,29.685
"e4, 4C",0.051,0.101,0.169,0.28800000000000003,0.49100000000000005,1.0530000000000002,2.176,4.928,8.531,10.372,11.778,13.124,14.053,14.752,15.223,15.616000000000001,16.09,16.396,16.809,17.284000000000002,17.745,18.051000000000002,18.437,18.978,19.504,19.871000000000002,20.094,20.396,20.7,20.936,21.12,21.373,21.586000000000002,21.814000000000004,22.171000000000003,22.501,22.756,23.085,23.457,23.92,24.255000000000003,24.544000000000004,24.923000000000005,25.276000000000007,25.65800000000001,26.021000000000008,26.40300000000001,26.75900000000001,27.167000000000012,27.61100000000001,27.938000000000013,28.196000000000012,28.443000000000012,28.71500000000001,28.99800000000001,29.232000000000014,29.502000000000013,29.825000000000014,29.964000000000013,30.08200000000001,30.217000000000013,30.37000000000001,30.519000000000013,30.66600000000001,30.87000000000001,30.987000000000013,31.13700000000001,31.275000000000013,31.365000000000013,31.49800000000001,31.63400000000001,31.74500000000001,31.82800000000001,31.94900000000001,32.10000000000001,32.17000000000001,32.27400000000001,32.35500000000001
"e4, 5A",0.05,0.10900000000000001,0.20600000000000002,0.326,0.523,1.07,2.04,4.109,6.759,9.631,11.915000000000001,14.189,16.046,17.099,17.296,17.503999999999998,17.712999999999997,17.799999999999997,17.97,18.093,18.216,18.307000000000002,18.453000000000003,18.636000000000003,18.795,18.984,19.167,19.289,19.439,19.573,19.695,19.788,19.863,19.937,20.038,20.112000000000002,20.196,20.359,20.458000000000002,20.632,20.793000000000003,20.930000000000003,21.049000000000003,21.192000000000004,21.340000000000003,21.526000000000003,21.710000000000004,21.892000000000003,22.055000000000003,22.228,22.396,22.556,22.699,22.838,22.982,23.116,23.274,23.427,23.585,23.68,23.82,23.923000000000002,24.032000000000004,24.139000000000003,24.287000000000003,24.343000000000004,24.457000000000004,24.560000000000006,24.611000000000004,24.732000000000003,24.843000000000004,24.949000000000005,25.014000000000006,25.150000000000006,25.206000000000007,25.276000000000007,25.333000000000006,25.383000000000006
"e4, 5B",0.05,0.10400000000000001,0.183,0.297,0.56,1.1600000000000001,2.276,4.888,7.991,10.294,12.512,14.56,15.821,16.541999999999998,16.808999999999997,16.974999999999998,17.176,17.326999999999998,17.465999999999998,17.645999999999997,17.842999999999996,17.966999999999995,18.112999999999996,18.309999999999995,18.516999999999996,18.669999999999995,18.862999999999996,19.069999999999997,19.194999999999997,19.334999999999997,19.445999999999998,19.560999999999996,19.648999999999997,19.769,19.894,20.066999999999997,20.159999999999997,20.220999999999997,20.339999999999996,20.474999999999998,20.613999999999997,20.752999999999997,20.896999999999995,20.998999999999995,21.150999999999996,21.317999999999998,21.514,21.708,21.883,22.118,22.276,22.387999999999998,22.514,22.707,22.768,22.962,23.107,23.218999999999998,23.377,23.445999999999998,23.563,23.66,23.78,23.891000000000002,24.012,24.13,24.23,24.343,24.393,24.511,24.59,24.669,24.739,24.832,24.893,24.943,25.085,25.165
"e4, 5C",0.05,0.1,0.178,0.33899999999999997,0.6619999999999999,1.3929999999999998,2.8199999999999994,5.864999999999999,9.11,11.449,13.704,15.535,16.659,17.297,17.468,17.624,17.808,17.914,18.034000000000002,18.182000000000002,18.379,18.5,18.646,18.875,19.085,19.287000000000003,19.444000000000003,19.625000000000004,19.774000000000004,19.908000000000005,20.059000000000005,20.189000000000004,20.300000000000004,20.411000000000005,20.540000000000006,20.698000000000008,20.75400000000001,20.87400000000001,21.00000000000001,21.15400000000001,21.28700000000001,21.39800000000001,21.51800000000001,21.685000000000013,21.889000000000014,22.094000000000012,22.30600000000001,22.507000000000012,22.71500000000001,22.93300000000001,23.13100000000001,23.30700000000001,23.460000000000008,23.605000000000008,23.749000000000006,23.918000000000006,24.071000000000005,24.223000000000006,24.307000000000006,24.448000000000004,24.504000000000005,24.611000000000004,24.727000000000004,24.877000000000002,24.998,25.092000000000002,25.195000000000004,25.298000000000005,25.348000000000006,25.469000000000005,25.581000000000003,25.735000000000003,25.785000000000004,25.925000000000004,26.019000000000005,26.085000000000004,26.166000000000004,26.237000000000005
"e4, 6A",0.055999999999999994,0.106,0.156,0.20600000000000002,0.29800000000000004,0.398,0.644,0.966,1.4569999999999999,2.4349999999999996,3.736999999999999,5.571999999999999,7.746999999999999,10.297999999999998,12.496999999999998,14.286999999999999,15.850999999999999,16.839,17.570999999999998,18.214999999999996,18.881999999999998,19.363999999999997,19.909999999999997,20.716999999999995,21.481999999999996,22.203999999999997,22.778999999999996,23.335999999999995,23.935999999999996,24.432999999999996,24.820999999999998,25.261,25.637999999999998,25.901999999999997,26.22,26.497,26.696,26.809,27.026,27.245,27.438000000000002,27.618000000000002,27.816000000000003,28.039,28.363000000000003,28.690000000000005,29.020000000000003,29.361000000000004,29.721000000000004,30.077000000000005,30.400000000000006,30.641000000000005,30.912000000000006,31.202000000000005,31.444000000000006,31.698000000000008,32.00600000000001,32.27600000000001,32.53000000000001,32.71200000000001,32.93800000000001,33.10000000000001,33.23500000000001,33.39000000000001,33.58200000000001,33.70900000000001,33.85500000000001,34.01400000000001,34.07000000000001,34.27100000000001,34.428000000000004,34.563,34.693000000000005,34.876000000000005,35.065000000000005,35.191,35.291000000000004,35.410000000000004
"e4, 6B",0.05,0.1,0.15000000000000002,0.2,0.25,0.34099999999999997,0.44999999999999996,0.625,0.869,1.34,2.041,2.9379999999999997,4.109999999999999,5.528,8.961,11.424,13.766,15.118,15.932,16.701,17.365000000000002,17.900000000000002,18.419,19.186,19.963,20.459,20.881999999999998,21.238999999999997,21.612999999999996,21.916999999999994,22.202999999999996,22.515999999999995,22.783999999999995,22.945999999999994,23.207999999999995,23.438999999999997,23.605999999999998,23.828999999999997,24.004999999999995,24.258999999999997,24.471999999999998,24.697,24.951,25.236,25.541,25.861,26.204,26.512,26.838,27.288,27.59,27.864,28.128,28.444,28.708,28.991,29.306,29.566000000000003,29.747000000000003,29.970000000000002,30.167,30.270000000000003,30.429000000000002,30.607000000000003,30.821,30.877000000000002,31.023000000000003,31.141000000000002,31.235000000000003,31.379,31.529,31.658,31.757,31.865000000000002,31.916,31.982,32.058,32.133
"e4, 6C",0.05,0.1,0.15000000000000002,0.21900000000000003,0.278,0.398,0.508,0.732,1.073,1.774,2.5860000000000003,3.785,5.238,7.056000000000001,10.558,12.676,14.812000000000001,16.007,16.698,17.287,17.865,18.232999999999997,18.656999999999996,19.336999999999996,20.035999999999998,20.637999999999998,21.095,21.494,21.851,22.212999999999997,22.429999999999996,22.688999999999997,22.926999999999996,23.121999999999996,23.430999999999997,23.692999999999998,23.871999999999996,24.101999999999997,24.316999999999997,24.554999999999996,24.829999999999995,25.066999999999993,25.283999999999992,25.554999999999993,25.819999999999993,26.102999999999994,26.431999999999995,26.769999999999996,27.091999999999995,27.473999999999997,27.833,28.051,28.351999999999997,28.645999999999997,28.888999999999996,29.121999999999996,29.384999999999998,29.665,29.848,30.08,30.276,30.418,30.534,30.680999999999997,30.843999999999998,30.961,31.055999999999997,31.173999999999996,31.223999999999997,31.337999999999997,31.426999999999996,31.537999999999997,31.587999999999997,31.641,31.712,31.762,31.833000000000002,31.883000000000003
"e4, 7A",0.05,0.1,0.15000000000000002,0.2,0.25,0.3,0.35,0.503,0.659,1.181,1.9140000000000001,3.0040000000000004,4.423,5.567,5.6770000000000005,5.736000000000001,5.795000000000001,5.845000000000001,5.8950000000000005,5.945,5.995,6.045,6.123,6.182,6.232,6.282,6.332,6.382,6.4319999999999995,6.481999999999999,6.531999999999999,6.581999999999999,6.631999999999999,6.681999999999999,6.731999999999998,6.781999999999998,6.861999999999998,6.9129999999999985,6.963999999999999,7.0139999999999985,7.063999999999998,7.113999999999998,7.163999999999998,7.233999999999998,7.344999999999998,7.395999999999998,7.445999999999998,7.495999999999998,7.552999999999998,7.640999999999998,7.719999999999998,7.803999999999998,7.9099999999999975,7.983999999999997,8.072999999999997,8.122999999999998,8.192999999999998,8.280999999999997,8.340999999999998,8.390999999999998,8.440999999999999,8.491,8.543,8.593,8.643,8.693000000000001,8.743000000000002,8.793000000000003,8.843000000000004,8.893000000000004,8.943000000000005,8.993000000000006,9.043000000000006,9.108000000000006,9.158000000000007,9.208000000000007,9.261000000000008,9.322000000000008
"e4, 7B",0.05,0.1,0.15000000000000002,0.2,0.25,0.301,0.352,0.46799999999999997,0.612,1.1360000000000001,1.7730000000000001,2.853,3.7750000000000004,4.567,4.69,4.768000000000001,4.8180000000000005,4.878,4.929,4.984,5.034,5.084,5.143,5.221,5.303,5.373,5.425,5.486,5.536,5.585999999999999,5.651,5.701,5.7509999999999994,5.800999999999999,5.869999999999999,5.919999999999999,5.969999999999999,6.019999999999999,6.0699999999999985,6.119999999999998,6.169999999999998,6.219999999999998,6.269999999999998,6.325999999999998,6.394999999999998,6.469999999999998,6.548999999999998,6.650999999999998,6.729999999999998,6.813999999999997,6.916999999999997,6.991999999999997,7.047999999999997,7.126999999999997,7.201999999999997,7.251999999999997,7.326999999999997,7.415999999999998,7.4659999999999975,7.515999999999997,7.565999999999997,7.615999999999997,7.665999999999997,7.715999999999997,7.7659999999999965,7.815999999999996,7.865999999999996,7.917999999999996,7.9679999999999955,8.023999999999996,8.073999999999996,8.123999999999997,8.173999999999998,8.223999999999998,8.274,8.324,8.374,8.424000000000001
"e4, 7C",0.05,0.1,0.15000000000000002,0.2,0.25,0.314,0.411,0.618,0.885,1.771,2.796,4.1259999999999994,5.972999999999999,6.826999999999999,6.948999999999999,7.017999999999999,7.0779999999999985,7.127999999999998,7.177999999999998,7.227999999999998,7.277999999999998,7.327999999999998,7.382999999999997,7.432999999999997,7.482999999999997,7.532999999999997,7.582999999999997,7.633999999999997,7.683999999999997,7.733999999999996,7.784999999999997,7.8539999999999965,7.903999999999996,7.953999999999996,8.003999999999996,8.058999999999996,8.128999999999996,8.202999999999996,8.267999999999995,8.317999999999996,8.423999999999996,8.478999999999996,8.566999999999995,8.626999999999995,8.747999999999996,8.835999999999995,8.962999999999996,9.060999999999996,9.218999999999996,9.335999999999995,9.487999999999994,9.609999999999994,9.734999999999994,9.817999999999994,9.906999999999995,10.014999999999995,10.097999999999995,10.153999999999995,10.247999999999994,10.317999999999994,10.396999999999995,10.446999999999996,10.537999999999995,10.587999999999996,10.637999999999996,10.687999999999997,10.737999999999998,10.787999999999998,10.838,10.888,10.938,10.988000000000001,11.038000000000002,11.088000000000003,11.138000000000003,11.188000000000004,11.238000000000005,11.288000000000006
"e4, 8A",0.05,0.1,0.15000000000000002,0.20900000000000002,0.32,0.5489999999999999,1.045,2.226,4.148,7.179,9.876000000000001,12.319,14.166,14.988,15.309,15.735,16.155,16.662000000000003,17.087000000000003,17.594000000000005,18.175000000000004,18.606000000000005,19.123000000000005,19.788000000000004,20.464000000000002,21.224000000000004,21.973000000000003,22.397000000000002,22.705000000000002,22.852,22.999,23.145999999999997,23.342,23.494999999999997,23.772,24.081999999999997,24.340999999999998,24.705999999999996,25.079999999999995,25.457999999999995,25.797999999999995,26.123999999999995,26.462999999999994,26.780999999999995,27.149999999999995,27.549999999999994,27.978999999999992,28.34099999999999,28.78599999999999,29.22199999999999,29.61199999999999,29.92199999999999,30.27899999999999,30.733999999999988,30.997999999999987,31.291999999999987,31.642999999999986,31.985999999999986,32.16999999999999,32.29499999999999,32.37899999999999,32.48199999999999,32.58899999999999,32.80899999999999,33.04999999999999,33.20999999999999,33.36399999999999,33.45799999999999,33.50799999999999,33.679999999999986,33.81899999999999,33.89399999999999,34.06599999999999,34.16899999999999,34.27099999999999,34.36999999999998,34.426999999999985,34.47699999999998
"e4, 8B",0.05,0.1,0.178,0.246,0.347,0.59,1.049,2.1769999999999996,3.8839999999999995,7.6419999999999995,11.001999999999999,13.650999999999998,16.445999999999998,17.747999999999998,18.115999999999996,18.464999999999996,18.864999999999995,19.335999999999995,19.749999999999996,20.197999999999997,20.791999999999998,21.256999999999998,21.889999999999997,22.615,23.302999999999997,24.039999999999996,24.781999999999996,25.335999999999995,25.819999999999993,26.161999999999992,26.48999999999999,26.79999999999999,27.12099999999999,27.45699999999999,27.76299999999999,28.11699999999999,28.43899999999999,28.85099999999999,29.25299999999999,29.70999999999999,30.10399999999999,30.43299999999999,30.806999999999988,31.16599999999999,31.623999999999988,32.15299999999999,32.666999999999994,33.102,33.556,34.043,34.528999999999996,34.848,35.184,35.589999999999996,35.87799999999999,36.108999999999995,36.44799999999999,36.77799999999999,36.94399999999999,37.15799999999999,37.37699999999999,37.54699999999999,37.73199999999999,38.00699999999999,38.23899999999999,38.38499999999999,38.53999999999999,38.623999999999995,38.67399999999999,38.79299999999999,38.913999999999994,39.02499999999999,39.090999999999994,39.175,39.230999999999995,39.28099999999999,39.346999999999994,39.40899999999999
"e4, 8C",0.05,0.101,0.15100000000000002,0.233,0.326,0.5720000000000001,1.116,2.247,4.138999999999999,7.789999999999999,11.024,13.991,16.735,17.495,17.655,17.865000000000002,18.083000000000002,18.303,18.634,19.015,19.514,19.9,20.383,21.117,21.931,22.68,23.421,24.146,24.711000000000002,25.148000000000003,25.516000000000002,25.889000000000003,26.229000000000003,26.622000000000003,27.037000000000003,27.513,27.953000000000003,28.381000000000004,28.902000000000005,29.442000000000004,29.921000000000003,30.359,30.805000000000003,31.215000000000003,31.755000000000003,32.294000000000004,32.789,33.253,33.712,34.202000000000005,34.61300000000001,34.89300000000001,35.30200000000001,35.665000000000006,35.959,36.232000000000006,36.61200000000001,36.95400000000001,37.138000000000005,37.273,37.432,37.59,37.748000000000005,37.946000000000005,38.182,38.351,38.47,38.568999999999996,38.61899999999999,38.693999999999996,38.745,38.805,38.861,38.931999999999995,38.98199999999999,39.04299999999999,39.09299999999999,39.14299999999999
"e4, 9A",0.092,0.151,0.201,0.269,0.41800000000000004,0.841,1.808,3.224,4.196,5.654,7.34,8.916,10.366,11.152,11.521999999999998,11.884999999999998,12.289999999999997,12.684999999999997,13.105999999999996,13.648999999999996,14.116999999999996,14.618999999999996,15.047999999999996,15.645999999999997,16.217,16.749,17.32,17.587,17.8,18.034,18.214,18.413,18.727,19.080000000000002,19.489,19.712,20.099,20.276,20.489,20.671,20.953,21.248,21.535,21.955000000000002,22.457,22.863,23.273,23.73,23.887,24.178,24.558,24.976,25.462999999999997,25.772,25.962999999999997,26.105999999999998,26.301,26.508999999999997,26.766,27.002999999999997,27.197999999999997,27.383999999999997,27.564999999999998,27.834999999999997,28.116999999999997,28.336,28.436,28.53,28.758000000000003,28.909000000000002,29.034000000000002,29.181,29.336000000000002,29.386000000000003,29.436000000000003,29.486000000000004,29.548000000000005,29.614000000000004
"e4, 9B",0.07,0.12000000000000001,0.202,0.325,0.494,0.976,2.146,3.6159999999999997,4.54,5.766,7.03,8.274000000000001,9.341000000000001,10.032000000000002,10.261000000000001,10.632000000000001,10.969000000000001,11.370000000000001,11.847000000000001,12.454,13.045,13.613,14.001,14.479,14.968,15.413,15.870000000000001,16.028000000000002,16.195000000000004,16.413000000000004,16.533000000000005,16.657000000000004,16.869000000000003,17.104000000000003,17.394000000000002,17.612000000000002,17.990000000000002,18.184,18.425,18.647000000000002,18.874000000000002,19.085,19.363,19.703,20.125999999999998,20.523999999999997,20.898999999999997,21.256999999999998,21.438,21.72,22.035999999999998,22.397,22.836,23.166999999999998,23.328999999999997,23.476999999999997,23.601999999999997,23.749999999999996,23.977999999999998,24.147,24.301,24.445999999999998,24.627999999999997,24.849999999999998,25.066,25.227,25.353,25.403000000000002,25.463,25.513,25.583000000000002,25.643,25.708000000000002,25.758000000000003,25.833000000000002,25.883000000000003,25.933000000000003,25.983000000000004
"e4, 9C",0.069,0.151,0.238,0.311,0.43,0.8220000000000001,1.678,3.6660000000000004,4.666,5.846,7.065,8.418000000000001,9.468000000000002,10.197000000000003,10.443000000000003,10.774000000000003,11.093000000000004,11.435000000000004,11.910000000000004,12.388000000000003,12.862000000000004,13.352000000000004,13.728000000000003,14.310000000000004,14.793000000000005,15.378000000000004,15.848000000000004,16.095000000000006,16.248000000000005,16.454000000000004,16.634000000000004,16.807000000000002,17.069000000000003,17.377000000000002,17.688000000000002,17.923000000000002,18.353,18.619,18.847,19.079,19.365000000000002,19.616000000000003,19.946,20.321,20.783,21.204,21.547,21.94,22.117,22.492,22.899,23.42,23.971,24.326,24.482,24.673,24.805999999999997,24.959999999999997,25.145999999999997,25.362,25.619,25.845,26.054,26.375999999999998,26.676,26.907,27.092,27.241999999999997,27.435,27.523999999999997,27.644999999999996,27.732999999999997,27.824999999999996,27.884999999999994,27.934999999999995,27.984999999999996,28.034999999999997,28.084999999999997
